phase_radians,p0_before_H,p0_after_H_exact,p0_after_H_theory,count_0,count_1,shots,p0_sampled
0.0,0.4999999999999999,0.9999999999999996,1.0,2048,0,2048,1.0
0.09817477042468103,0.4999999999999999,0.997592363336098,0.9975923633360985,2044,4,2048,0.998046875
0.19634954084936207,0.4999999999999999,0.9903926402016147,0.9903926402016153,2024,24,2048,0.98828125
0.2945243112740431,0.4999999999999999,0.9784701678661039,0.9784701678661045,2000,48,2048,0.9765625
0.39269908169872414,0.4999999999999999,0.9619397662556429,0.9619397662556434,1955,93,2048,0.95458984375
0.4908738521234052,0.4999999999999999,0.940960632174177,0.9409606321741775,1922,126,2048,0.9384765625
0.5890486225480862,0.4999999999999999,0.9157348061512721,0.9157348061512726,1867,181,2048,0.91162109375
0.6872233929727672,0.4999999999999999,0.8865052266813681,0.8865052266813686,1847,201,2048,0.90185546875
0.7853981633974483,0.4999999999999999,0.8535533905932735,0.8535533905932737,1742,306,2048,0.8505859375
0.8835729338221293,0.4999999999999999,0.8171966420818225,0.8171966420818227,1682,366,2048,0.8212890625
0.9817477042468103,0.4999999999999999,0.7777851165098008,0.7777851165098012,1621,427,2048,0.79150390625
1.0799224746714913,0.4999999999999999,0.7356983684129987,0.735698368412999,1501,547,2048,0.73291015625
1.1780972450961724,0.4999999999999999,0.6913417161825447,0.6913417161825449,1436,612,2048,0.701171875
1.2762720155208536,0.4999999999999999,0.6451423386272309,0.6451423386272312,1330,718,2048,0.6494140625
1.3744467859455345,0.4999999999999999,0.5975451610080637,0.5975451610080642,1228,820,2048,0.599609375
1.4726215563702154,0.4999999999999999,0.54900857016478,0.5490085701647803,1115,933,2048,0.54443359375
1.5707963267948966,0.4999999999999999,0.4999999999999998,0.5000000000000001,1026,1022,2048,0.5009765625
1.6689710972195777,0.4999999999999999,0.45099142983521945,0.4509914298352196,930,1118,2048,0.4541015625
1.7671458676442586,0.4999999999999999,0.40245483899193557,0.40245483899193585,844,1204,2048,0.412109375
1.8653206380689396,0.4999999999999999,0.3548576613727688,0.354857661372769,749,1299,2048,0.36572265625
1.9634954084936207,0.4999999999999999,0.3086582838174549,0.3086582838174552,615,1433,2048,0.30029296875
2.061670178918302,0.4999999999999999,0.2643016315870011,0.2643016315870011,535,1513,2048,0.26123046875
2.1598449493429825,0.4999999999999999,0.222214883490199,0.22221488349019905,445,1603,2048,0.21728515625
2.2580197197676637,0.4999999999999999,0.18280335791817728,0.18280335791817734,374,1674,2048,0.1826171875
2.356194490192345,0.4999999999999999,0.14644660940672624,0.1464466094067263,276,1772,2048,0.134765625
2.454369260617026,0.4999999999999999,0.11349477331863152,0.11349477331863152,252,1796,2048,0.123046875
2.552544031041707,0.4999999999999999,0.08426519384872733,0.08426519384872735,161,1887,2048,0.07861328125
2.650718801466388,0.4999999999999999,0.05903936782582253,0.05903936782582253,125,1923,2048,0.06103515625
2.748893571891069,0.4999999999999999,0.03806023374435664,0.038060233744356645,83,1965,2048,0.04052734375
2.84706834231575,0.4999999999999999,0.021529832133895557,0.021529832133895567,51,1997,2048,0.02490234375
2.945243112740431,0.4999999999999999,0.009607359798384804,0.009607359798384809,19,2029,2048,0.00927734375
3.043417883165112,0.4999999999999999,0.0024076366639015664,0.0024076366639015677,3,2045,2048,0.00146484375
3.141592653589793,0.4999999999999999,3.7493994566546427e-33,3.749399456654644e-33,0,2048,2048,0.0
3.2397674240144743,0.4999999999999999,0.0024076366639015547,0.0024076366639015565,7,2041,2048,0.00341796875
3.3379421944391554,0.4999999999999999,0.009607359798384781,0.009607359798384785,16,2032,2048,0.0078125
3.436116964863836,0.4999999999999999,0.02152983213389552,0.021529832133895532,43,2005,2048,0.02099609375
3.5342917352885173,0.4999999999999999,0.03806023374435659,0.03806023374435659,76,1972,2048,0.037109375
3.6324665057131984,0.4999999999999999,0.059039367825822475,0.059039367825822475,124,1924,2048,0.060546875
3.730641276137879,0.4999999999999999,0.08426519384872726,0.08426519384872726,180,1868,2048,0.087890625
3.8288160465625602,0.4999999999999999,0.11349477331863136,0.11349477331863145,230,1818,2048,0.1123046875
3.9269908169872414,0.4999999999999999,0.14644660940672613,0.1464466094067262,282,1766,2048,0.1376953125
4.025165587411922,0.4999999999999999,0.18280335791817695,0.18280335791817706,365,1683,2048,0.17822265625
4.123340357836604,0.4999999999999999,0.22221488349019883,0.22221488349019894,437,1611,2048,0.21337890625
4.221515128261284,0.4999999999999999,0.264301631587001,0.2643016315870011,551,1497,2048,0.26904296875
4.319689898685965,0.4999999999999999,0.3086582838174548,0.3086582838174548,623,1425,2048,0.30419921875
4.417864669110647,0.4999999999999999,0.3548576613727686,0.3548576613727688,746,1302,2048,0.3642578125
4.516039439535327,0.4999999999999999,0.40245483899193557,0.40245483899193574,788,1260,2048,0.384765625
4.614214209960009,0.4999999999999999,0.4509914298352196,0.4509914298352197,896,1152,2048,0.4375
4.71238898038469,0.4999999999999999,0.4999999999999998,0.4999999999999999,1040,1008,2048,0.5078125
4.81056375080937,0.4999999999999999,0.5490085701647797,0.54900857016478,1160,888,2048,0.56640625
4.908738521234052,0.4999999999999999,0.5975451610080637,0.5975451610080642,1204,844,2048,0.587890625
5.006913291658733,0.4999999999999999,0.6451423386272307,0.645142338627231,1328,720,2048,0.6484375
5.105088062083414,0.4999999999999999,0.6913417161825447,0.691341716182545,1442,606,2048,0.7041015625
5.203262832508095,0.4999999999999999,0.7356983684129985,0.7356983684129987,1507,541,2048,0.73583984375
5.301437602932776,0.4999999999999999,0.7777851165098008,0.777785116509801,1586,462,2048,0.7744140625
5.399612373357457,0.4999999999999999,0.8171966420818225,0.8171966420818227,1684,364,2048,0.822265625
5.497787143782138,0.4999999999999999,0.8535533905932733,0.8535533905932737,1762,286,2048,0.8603515625
5.595961914206819,0.4999999999999999,0.8865052266813679,0.8865052266813683,1806,242,2048,0.8818359375
5.6941366846315,0.4999999999999999,0.9157348061512721,0.9157348061512726,1886,162,2048,0.9208984375
5.792311455056181,0.4999999999999999,0.940960632174177,0.9409606321741775,1940,108,2048,0.947265625
5.890486225480862,0.4999999999999999,0.9619397662556427,0.9619397662556434,1980,68,2048,0.966796875
5.988660995905543,0.4999999999999999,0.9784701678661039,0.9784701678661045,2005,43,2048,0.97900390625
6.086835766330224,0.4999999999999999,0.9903926402016147,0.9903926402016151,2020,28,2048,0.986328125
6.1850105367549055,0.4999999999999999,0.997592363336098,0.9975923633360985,2043,5,2048,0.99755859375
6.283185307179586,0.4999999999999999,0.9999999999999996,1.0,2048,0,2048,1.0
